pair_id,reason,left_org,left_Id,right_org,right_Id,left_Name,right_Name,left_Website,right_Website,left_Phone,right_Phone,left_BillingPostalCode,right_BillingPostalCode,splink_match_weight,splink_probability,ai_probabilities
org_a:0015A0G0JzVIs2FQKT|org_b:0018g0OzrKJipDWASZ,review_ai_uncertain,org_a,0015A0G0JzVIs2FQKT,org_b,0018g0OzrKJipDWASZ,Miostaith Industries Corp.,Taihiox Industries Corp.,https://www.miostaith.example/about,,(813) 555-0145,(813) 555-0145,82590,46633,-31.7671,2.7363e-10,0.08;0.68
org_a:0015A0GMJsXqZ7nQOF|org_a:0015A0xUXDv8tHmQ2I,review_ai_uncertain,org_a,0015A0GMJsXqZ7nQOF,org_a,0015A0xUXDv8tHmQ2I,Hioskael Solutions Inc,Hioskael Works Corp.,hioskaelsolutions.example,,305.555.0112,305-555-0136,85894,85894,19.7799,0.999999,0.18;0.62
org_a:0015A0GfdaymdC6QCI|org_b:0018g05ZSQnxqPIA2Y,review_ai_uncertain,org_a,0015A0GfdaymdC6QCI,org_b,0018g05ZSQnxqPIA2Y,Quohus Logistics Inc.,Quhus Logistics Inc,https://quohus.example/,WWW.PRYKAIL65.EXAMPLE,404.555.0116,404-555-0128,06168-8441,06168,-11.1779,0.000431462,0.78;0.78
org_a:0015A0HUWiFSiPNQO1|org_b:0018g03B0sLqPkkAEF,review_ai_uncertain,org_a,0015A0HUWiFSiPNQO1,org_b,0018g03B0sLqPkkAEF,Mutork Logistics Co.,Subrer Freight,,http://subrer.example,1-404-555-0152,1-404-555-0152,68029,54284,-66.3215,1.08451e-20,0.72;0.04
org_a:0015A0SVJuETzUOQO1|org_b:0018g0UQkHe4u42AWA,review_ai_uncertain,org_a,0015A0SVJuETzUOQO1,org_b,0018g0UQkHe4u42AWA,Jouvaex Outfitters Corp.,Nairuth International LLC,,,+1 617 555 0186,1-617-555-0186,37206,90621,-66.3215,1.08451e-20,0.78;0.18
org_a:0015A0XBRZCJElHQ4X|org_b:0018g0b64DASoLBAQ1,review_ai_uncertain,org_a,0015A0XBRZCJElHQ4X,org_b,0018g0b64DASoLBAQ1,Stuflix Partners Corporation,Stuflix Partners Corporation,https://stuflix.example/,www.paepryn47.example,+1 720 555 0154,1-720-555-0180,21368,21681-7032,-33.4539,8.49914e-11,0.78;0.72
org_a:0015A0YOJ74Vq54QOC|org_b:0018g0NYQJIbBLQA43,review_ai_uncertain,org_a,0015A0YOJ74Vq54QOC,org_b,0018g0NYQJIbBLQA43,Cebriom Services Corporation,Cebriom Services Corporation,WWW.CEBRIOM.EXAMPLE,,+1 305 555 0180,,55856,56087,8.1366,0.996459,0.78;0.78
org_a:0015A0YTSRhgIZDQ42|org_b:0018g0iZwdPpvhGAER,review_ai_uncertain,org_a,0015A0YTSRhgIZDQ42,org_b,0018g0iZwdPpvhGAER,Prystael Foods,PRYSTAEL FOOD CO,www.prystael.example,https://www.jytin81.example/about,(305) 555-0151,,42672,41621,-31.7731,2.72478e-10,0.76;0.72
org_a:0015A0aI7qEv30mQEB|org_a:0015A0z8lGOlVwQQQV,review_ai_uncertain,org_a,0015A0aI7qEv30mQEB,org_a,0015A0z8lGOlVwQQQV,Flaecael Partners Inc,LAITOUL MFG CORP.,,,1-904-555-0195,904.555.0195,82234,63027-3534,-66.3215,1.08451e-20,0.25;0.68
org_a:0015A0cWQO6NDjPQ2W|org_b:0018g0qoJDHNkIpAYL,review_ai_uncertain,org_a,0015A0cWQO6NDjPQ2W,org_b,0018g0qoJDHNkIpAYL,Stuco Dynamics,Dryskes Dynamics LLC,www.stuco.example,,1-312-555-0125,312.555.0125,99684,71121-6810,-66.3215,1.08451e-20,0.04;0.86
org_a:0015A0iIv78O6bFQES|org_b:0018g0N0xilhu5IACQ,review_ai_uncertain,org_a,0015A0iIv78O6bFQES,org_b,0018g0N0xilhu5IACQ,Gymaer Systems,Bytouq International Ltd.,http://gymaer.example,,1-206-555-0190,+1 206 555 0190,96830,83814,-66.3215,1.08451e-20,0.04;0.72
org_a:0015A0jwEYm34lFQYQ|org_b:0018g08OUrrfjpMAMQ,review_ai_uncertain,org_a,0015A0jwEYm34lFQYQ,org_b,0018g08OUrrfjpMAMQ,Ligux Foods Ltd.,lgux foods inc.,https://ligux.example/,https://www.cioclaes62.example,702.555.0169,,65761,65761-8230,-18.2209,3.27303e-06,0.38;0.62
org_a:0015A0l0xtzLJ5cQAG|org_b:0018g0HKzaRaXEEAG3,review_ai_uncertain,org_a,0015A0l0xtzLJ5cQAG,org_b,0018g0HKzaRaXEEAG3,Widrun Services Corporation,Widrun Services Corporation,https://www.widrun.example,http://waeflum39.example,206-555-0120,,04021,04619-4673,-31.6262,3.01694e-10,0.82;0.76
org_a:0015A0qK8Byduh0QUA|org_b:0018g03suY8dn2jAQA,review_ai_uncertain,org_a,0015A0qK8Byduh0QUA,org_b,0018g03suY8dn2jAQA,Vojyth Industries Inc,Vojyth Robotics Corp.,,https://vojythrobotics.example/,,305.555.0158,87604,87604,21.6076,1,0.38;0.72
org_a:0015A0tJDCFAKCbQ2P|org_b:0018g0wK3tZxX8EAEV,review_ai_uncertain,org_a,0015A0tJDCFAKCbQ2P,org_b,0018g0wK3tZxX8EAEV,Mouwi Industries Corp.,Mouwi Industries Corp.,mouwi.example,https://skaskath66.example/,206.555.0176,,45588,44676,-31.6262,3.01694e-10,0.72;0.72
org_a:0015A0vs2wsaE9xQAE|org_b:0018g0s1f6wNh4AAAS,review_ai_uncertain,org_a,0015A0vs2wsaE9xQAE,org_b,0018g0s1f6wNh4AAAS,Brodan Technologies LLC,BRODAAN TECHNOLOGIES LLC,,www.brodan.example,1-503-555-0167,+1 503 555 0135,32559,33871-6548,6.162,0.986227,0.72;0.86
org_a:0015A0wSrnqsICyQEM|org_b:0018g03nUVGVACLAY5,review_ai_uncertain,org_a,0015A0wSrnqsICyQEM,org_b,0018g03nUVGVACLAY5,Claevaex Manufacturing Corp.,Claevaex Partners Ltd.,https://claevaex.example/,,972.555.0128,+1 972 555 0154,29357,29357,19.7799,0.999999,0.42;0.76
org_b:0018g00DZnkKKePAMW|org_b:0018g0DiEKxzym9A0A,review_ai_uncertain,org_b,0018g00DZnkKKePAMW,org_b,0018g0DiEKxzym9A0A,Renas Matls Ltd.,rnas materials ltd.,https://www.renas.example,,+1 503 555 0115,+1 503 555 0195,79438,78789,2.5042,0.850153,0.76;0.76
org_b:0018g0FZiokNQ9VAGW|org_b:0018g0JbTyHT7wEAKT,review_ai_uncertain,org_b,0018g0FZiokNQ9VAGW,org_b,0018g0JbTyHT7wEAKT,Waimael Materials Corporation,Pakyr Services Inc.,,https://pakyr.example/,(813) 555-0160,1-813-555-0160,44106,83432,-66.3215,1.08451e-20,0.68;0.02
org_b:0018g0kZz7JeIlcAEF|org_b:0018g0qoJDHNkIpAYL,review_ai_uncertain,org_b,0018g0kZz7JeIlcAEF,org_b,0018g0qoJDHNkIpAYL,Ceflove Holdings,Dryskes Dynamics LLC,http://ceflove.example,,+1 312 555 0125,312.555.0125,88344,71121-6810,-66.3215,1.08451e-20,0.04;0.78
org_b:0018g0wK3tZxX8EAEV|org_b:0018g0wlSIUvBN7AYN,review_ai_uncertain,org_b,0018g0wK3tZxX8EAEV,org_b,0018g0wlSIUvBN7AYN,Mouwi Industries Corp.,Mouwi Industries Corp.,https://skaskath66.example/,http://go.mouwi.example,,1-206-555-0176,44676,45588-3053,-31.6262,3.01694e-10,0.78;0.38
